{
  "$schema": "http://json-schema.org/draft-07/schema#",
  "$ref": "#/definitions/Envelope",
  "definitions": {
    "Envelope": {
      "type": "object",
      "properties": {
        "address": {
          "type": "string",
          "pattern": "^[A-Za-z0-9]*$",
          "minLength": 42,
          "maxLength": 42
        },
        "data": {
          "type": "object",
          "properties": {
            "domain": {
              "type": "object",
              "properties": {
                "name": {
                  "type": "string"
                },
                "version": {
                  "type": "string"
                }
              },
              "required": [
                "name",
                "version"
              ]
            },
            "message": {
              "type": "object",
              "properties": {
                "from": {
                  "type": "string"
                },
                "timestamp": {
                  "type": "number"
                },
                "space": {
                  "type": "string"
                }
              },
              "required": [
                "from",
                "timestamp"
              ]
            },
            "types": {
              "type": "object"
            }
          },
          "required": [
            "domain",
            "message",
            "types"
          ],
          "additionalProperties": false
        },
        "sig": {
          "type": "string"
        }
      },
      "required": [
        "address",
        "data",
        "sig"
      ],
      "additionalProperties": false
    }
  }
}
